ID|Last Name|First Name |Gender|Date of Birth|address
1593|Gaylord|Rachele|M|1986-10-29|Suite 509 47305 Purdy Skyway| Lake Suzannafort| WA 22023-8611
1568|Wolf|Sandy|M|1980-08-05|Suite 831 771 Herzog Ranch| East Malcomtown| NE 88409-1908
1049|Fisher|Claudio|F|1983-03-28|Apt. 853 891 Jorge Trail| West Oliver| WA 89377
1268|Nicolas|Ignacio|M|1980-02-24|2587 Keven Mountains| Tyrellberg| CT 01347
1404|Zulauf|Edra|M|1958-05-07|Apt. 984 1668 Krajcik Trace| Lake Diedra| MA 58497-7181
1335|Towne|Salley|F|2004-12-14|Suite 185 21462 Lynch Canyon| South Dariobury| UT 09215-1804
1444|Leuschke|Cornell|M|2000-03-26|6039 Feeney Tunnel| North Miltonmouth| NY 19366
1490|Osinski|Dwana|F|2005-07-07|6851 Aleida Lock| Oberbrunnerland| CA 07389
1603|Osinski|Tabitha|F|1977-08-11|45190 Kym Divide| Funkshire| KY 49324-1398
1679|Mraz|Leroy|M|1992-10-27|807 Stiedemann Estate| Jastborough| MO 73086-9863
1296|Steuber|Wilber|M|1983-04-06|Apt. 328 871 Rempel Roads| West Tracy| GA 40604
1841|Rippin|Jude|F|1994-10-19|Suite 070 9513 Ellena Spurs| South Shantayport| RI 51419-6618
1379|Beatty|Chi|F|1988-09-29|Suite 317 5741 Armstrong Loaf| Sheltonbury| IN 19732-4463
1865|Heidenreich|Prince|F|1978-11-27|36640 Kassulke Radial| Hellenport| LA 03506
1754|Rohan|Kellye|M|1968-08-02|Apt. 119 982 Shayne Stream| Earnestchester| WY 63306
1914|Kling|Shaun|F|1974-02-14|Suite 448 844 Jeanie Mills| North Kelvinburgh| OH 10989
1748|Koss|Jaymie|M|1972-02-19|Apt. 811 63535 Maggio Track| North Tyrellberg| NY 88097-8570
1039|Sanford|Lashay|M|1999-11-13|35790 Lowe Unions| Raynorville| VA 84483-7088
1201|Monahan|Donnie|F|1963-06-09|5593 Beahan Cliffs| Strosinmouth| IA 81742-1528
1600|Kuvalis|Jona|F|1981-11-27|1114 Wuckert Harbor| Dibbertmouth| OH 89805
1134|Kirlin|Frankie|M|1954-08-20|Suite 006 300 Kevin Rapid| North Jimmyland| AR 56582
1618|Wunsch|Meghan|F|1966-03-24|1063 Chester Club| Javierburgh| NE 51533
1598|Cormier|Marjorie|M|1952-06-11|69208 Bradtke Street| Huelsberg| WI 12120-1211
1458|Feeney|Bennett|F|1960-06-14|18931 Kautzer Parkway| North Deonport| DE 80158-4003
1716|Kuhic|Kim|M|2008-02-04|Apt. 407 299 Kemmer Station| West Donaldview| AK 96000
1552|Gottlieb|Mckinley|F|2005-11-15|Suite 788 407 Burl Junctions| East Pierre| IN 47823
1171|Schumm|Adrian|M|1980-05-17|2346 Gerhold Trace| East Bernardomouth| NV 66054-0965
1393|Nicolas|Kenna|M|1980-04-13|73730 Jackie Creek| Gulgowskiport| MA 43087
1215|Smith|Edward|F|2003-01-13|Apt. 470 600 Armandina Light| Port Lanell| VT 58773
1027|Goyette|Clyde|F|1958-02-26|Suite 664 91477 Grady Crossroad| East Brainstad| NY 18884
